1, Aakre vald Tartumaa, 58.1223, 26.2894
2, Aaspere vald Virumaa, 59.5107, 26.5144
3, Abaja Pärnumaa, 58.61856, 24.27573
4, Abja vald Parnumaa, 58.0833, 25.4329
5, Abja Viljandimaa, 58.1249, 25.3491
6, Abja-Vanamõisa vald Pärnumaa, 58.120, 25.367
7, Abruka, 57.813, 21.965
8, Adavere vald Viljandimaa, 58.4167, 25.9277
9, Ahja mõis Tartumaa, 58.067, 26.369
10, Ahja vald Tartumaa, 58.154, 26.343
11, Aidu vald Viljandimaa, 58.5681, 25.6324
12, Aidu Viljandimaa, 58.526, 25.455
13, Aksi Tartumaa, 58.1918, 26.1701
14, Alatskivi vald Tartumaa, 58.6256, 27.0967
15, Alatskivi Tartumaa, 58.6273, 27.0512
16, Albu vald Jarvamaa, 58.9645, 25.5614
17, Albu vald Järvamaa, 58.96939, 25.69503
18, Aleksandri Võrumaa, 57.8007, 26.9797
19, Aleksandri vald Võrumaa, 57.6609, 27.0395
20, Alliku vald Jarvamaa, 58.882, 25.579
21, Allikukivi Pärnumaa, 58.4526, 24.4122
22, Ambla kihelkond, 59.2043, 25.6091
23, Ambla vald Jarvamaa, 59.2055, 25.5913
24, Ambla vald Järvamaa, 59.18514, 25.45403
25, Ambla Järvamaa, 59.161, 25.436
26, Anija mõis Harjumaa, 59.393, 25.168
27, Anija vald Harjumaa, 59.2816, 25.5108
28, Anija Harjumaa, 59.3121, 25.2684
29, Anna vald Järvamaa, 58.9815, 25.8872
30, Antsla vald Võrumaa, 57.8176, 26.5339
31, Are vald Parnumaa, 58.1915, 24.9337
32, Are vald Pärnumaa, 58.21324, 24.74398
33, Aru vald Tartumaa, 58.2873, 26.9073
34, Aru Tartumaa, 58.2578, 26.3845
35, Koeru, 58.9000, 25.5578
36, Aruküla Harjumaa, 59.3567, 25.0992
37, Arula vald Tartumaa, 58.0895, 26.0781
38, Asukula vald Laanemaa, 58.8753, 24.1587
39, Audru vald Parnumaa, 58.3044, 24.4844
40, Avanduse vald Viljandimaa, 58.6434, 25.7939
41, Avanduse vald Virumaa, 59.03498, 27.41915
42, Avinurme Tartumaa, 58.98264, 27.05523
43, Avinurme vald Tartumaa, 58.9689, 27.0112
44, Beja (Kolbergi) vald Alūksne (Marienburg), 57.400000, 27.233333
45, Breslavi Lati, 57.4555, 21.9504
46, Edise mõis Virumaa, 59.365, 26.675
47, Einmanni mõis Järvamaa, 58.9567, 26.3604
48, Einmanni vald Jarvamaa, 58.9644, 25.6359
49, Elistvere vald Tartumaa, 58.5353, 26.5356
50, Enge vald Pärnumaa, 58.3363, 24.8419
51, Erastvere Vorumaa, 57.7823, 27.0159
52, Erastvere vald Võrumaa, 57.88455, 26.86016
53, Esna vald Jarvamaa, 58.8574, 25.7536
54, Esna vald Järvamaa, 59.072, 25.708
55, Esna, 58.894, 25.150
56, Haabsaare Võrumaa, 57.722, 26.680
57, Haademeeste vald Pärnumaa, 58.12996, 24.41007
58, Haapajarv Soome, 61.84424, 24.07473
59, Haapsalu, 58.9386, 23.5408
60, Haaslava mõis Tartumaa, 58.21882, 26.77255
61, Haaslava Tartumaa, 58.5620, 26.6141
62, Hageri Harjumaa, 59.0417, 24.6197
63, Haimre, 59.300, 24.993
64, Hajala kihelkond, 58.582, 25.681
65, Halinga vald Parnumaa, 58.5781, 24.7617
66, Halinga vald Pärnumaa, 58.63135, 24.48761
67, Haljala vald Virumaa, 59.4579, 26.0549
68, Haljala, 59.4729, 26.1264
69, Halliste küla Viljandimaa, 58.1596, 25.3795
70, Hallistes Parnumaa, 58.2201, 25.1823
71, Hanila Läänemaa, 58.881, 23.680
72, Harjanurme vald Tartumaa, 58.2415, 26.8675
73, Harjanurme, 58.370, 26.837
74, Harjumaa, 59.323, 24.5569
75, Harkovi kubermang Venemaa, 50.0018, 36.2314
76, Harku vald Harjumaa, 59.4107, 24.5467
77, Heimtali mõis Viljandimaa, 58.27295, 25.28747
78, Heimtali vald Viljandimaa, 58.3547, 25.7269
79, Heinaste vald Parnumaa, 58.5622, 24.637
80, Hellamaa vald Muhu saar, 58.6034, 23.2506
81, Hellamaa vald Muhumaa, 58.6034, 23.2184
82, Hellamaa vald Saaremaa, 58.4160, 22.9116
83, Hellenurme vald Tartumaa, 58.2782, 26.4934
84, Helme Valgamaa, 58.0382, 25.7073
85, Helme Viljandimaa, 58.06267, 25.91797
86, Helme vald Valgamaa, 58.06267, 25.91797
87, Helme vald Viljandimaa, 58.00829, 25.67079
88, Helsingi Soome, 60.1699, 24.9384
89, Helsinki, 60.1699, 24.9384
90, Hiiu-Kõrgessaare vald Hiiumaa, 58.914, 22.662
91, Holdre mõis Viljandimaa, 58.3497, 25.7371
92, Holdre vald Valgamaa, 57.9066, 26.1191
93, Holdre Valgamaa, 57.776, 26.261
94, Holstre Viljandimaa, 58.0989, 25.5546
95, Holstre vald Viljandimaa, 58.1577, 25.3133
96, Holstre, 58.072, 25.524
97, Hummuli Valgamaa, 57.7863, 26.0058
98, Häädemeste Pärnumaa, 58.0907, 24.4592
99, Igaste m. Valgamaa, 57.88124, 26.00488
100, Illuka vald Virumaa, 59.2234, 27.5517
101, Ilmatsalu Tartumaa, 58.4047, 26.6281
102, Ilmjarve vald Tartumaa, 58.2257, 26.4853
103, Imavere vald Viljandimaa, 58.7088, 25.9229
104, Imavere Järvamaa, 58.853, 25.550
105, Imavere Viljandimaa, 58.7027, 25.4563
106, Ingliste vald Harjumaa, 58.7245, 25.4719
107, Ire (Irai) Liivi rannikul, 57.54501, 24.64027
108, Issaku Tartumaa, 58.2772114, 27.0226493
109, Jaara vald Parnumaa, 58.2787, 24.4222
110, Jaarja vald Pärnumaa, 58.3640, 24.6631
111, Jamburgi, 59.3683, 28.6078
112, Jaroslav Venemaa, 57.316, 39.733
113, Jarva-Jaani Kihelkond, 58.8872, 25.7212
114, Jarvakandi vald Harjumaa, 58.9115, 24.6184
115, Jarvamadise kihelkond, 59.1021, 23.6317
116, Joala vald Virumaa, 59.365, 26.675
117, Joelahtme vald Harjumaa, 59.506, 25.127
118, Jogeva vald Tartumaa, 58.7521, 26.3782
119, Johvi, 59.3594, 27.4212
120, Juuru vald Harjumaa, 59.0971, 24.7494
121, Järvamaa, 58.8859, 25.5603
122, Järve vald Virumaa, 59.139, 26.253
123, Järve Virumaa, 59.424, 27.022
124, Jõgeva Tartumaa, 58.74357, 26.39309
125, Jõgeva, 58.7463, 26.3941
126, Jõgevaste vald Valgamaa, 57.879, 26.193
127, Jõgeveste vald Valgamaa, 58.089, 26.252
128, Jõhvi kihelkond, 59.36117, 27.41339
129, Jõhvi vald Virumaa, 59.360, 27.429
130, Jõroiste kihelkond Soome, 60.8739, 26.1236
131, Kaagjarve vald Valgamaa, 57.7317, 26.3193
132, Kaarepere vald Tartumaa, 58.5367, 26.7157
133, Kaarepere, 58.727, 25.342
134, Kaarli vald Viljandimaa, 58.4983, 25.9277
135, Kaarli vald Pärnumaa, 58.3452, 24.8059
136, Kaarma Saaremaa, 58.3349, 22.6716
137, Kaarma-Suure vald Saaremaa, 58.297, 22.504
138, Kaarma-Suurvald Saaremaa, 58.3915, 22.686
139, Kabala vald Harjumaa, 59.223, 24.859
140, Kabala vald Viljandimaa, 58.501, 25.416
141, Kabala Harjumaa, 59.220, 24.869
142, Kabala Viljandimaa, 58.59516, 25.59884
143, Kadrina Laane-Virumaa, 59.3308, 26.1345
144, Kadrina Virumaa, 59.321, 26.134
145, Kadrina, 59.3471, 26.1317
146, Kahkva vald Võrumaa, 57.65325, 26.92317
147, Kahkva Võrumaa, 57.800, 26.960
148, Kaisma vald Pärnumaa, 58.01912, 24.36162
149, Kaiu vald Harjumaa, 59.057, 24.790
150, Kalami talu Viljandimaa, 58.253, 25.273
151, Kalvi vald Virumaa, 59.2381, 27.5585
152, Kambja Tartumaa, 58.2913, 26.6459
153, Kambja vald Tartumaa, 58.2433, 26.2361
154, Kambja, 58.3014, 26.1999
155, Kamenets-Podolski Venemaa, 48.7164, 26.5761
156, Kanepi klk., 57.81554, 26.90398
157, Kanepi küla Võrumaa, 57.845, 26.979
158, Kanepi Võrumaa, 57.8356, 26.9701
159, Kardla Hiiumaa, 58.9974, 22.7459
160, Kargula Võrumaa, 57.824, 26.912
161, Kariste vald Pärnumaa, 58.3727, 25.4918
162, Kariste Pärnumaa, 58.36732, 24.48289
163, Karja vald Saaremaa, 58.4022, 22.6766
164, Karkna vald Tartumaa, 58.3676, 26.348
165, Karkna Tartumaa, 58.3092, 26.3248
166, Karksi Parnumaa, 58.0066, 25.6211
167, Karksi vald Parnumaa, 57.9857, 25.4732
168, Karksi vald Pärnumaa, 58.097, 25.459
169, Karla vald Saaremaa, 58.482, 23.127
170, Karski vald Pärnumaa, 58.46576, 25.30212
171, Karstna Viljandimaa, 57.7169, 25.6436
172, Karstna vald Viljandimaa, 58.2364, 25.3524
173, Karu vald Jarvamaa, 58.8951, 25.8448
174, Karu vald Järvamaa, 58.90283, 25.80032
175, Karula vald Valgamaa, 57.7614, 26.3896
176, Karula vald Viljandimaa, 58.217, 25.650
177, Karula vald Võrumaa, 57.709, 26.409
178, Karula Võrumaa, 57.7681, 26.9244
179, Kasaritsa vald Võrumaa, 57.973, 27.189
180, Kastre-Vonnu Tartumaa, 58.2299, 26.402
181, Kastre-Vorru Tartumaa, 58.2416, 27.1861
182, Kastre-Võnnu, 58.225, 26.677
183, Kauksi mõis Võrumaa, 58.222, 27.628
184, Kavastu Tartumaa, 58.3313, 26.6791
185, Kavastu maakond Virumaa, 59.4319, 25.856
186, Kavastu vald Tartumaa, 58.1504, 
187, Kavilda Tartumaa, 58.5209, 26.4646
188, Kavilda vald Tartumaa, 58.1657, 26.4934
189, Kavilda, 58.259, 26.823
190, Keeni Tartumaa, 58.2301, 27.0696
191, Keeni vald Tartumaa, 58.2751, 26.4077
192, Keeni vald Valgamaa, 57.964, 26.361
193, Kehra Harjumaa, 59.342, 25.312
194, Kehtna vald Harjumaa, 58.8769, 24.82563
195, Keila Harjumaa, 59.3039, 24.4113
196, Keila vald Harjumaa, 59.2534, 24.4972
197, Keina vald Hiiumaa, 58.844, 22.546
198, Kermi Harjumaa, 59.1519, 25.7207
199, Kernu vald Harjumaa, 59.1032, 24.5092
200, Keskvere vald Läänemaa, 58.9576, 23.9187
201, Kihelkonna vald Saaremaa, 58.4457, 22.7028
202, Kiiev, 50.4501, 30.5234
203, Kiiu Harjumaa, 59.4187, 25.2271
204, Kiiu vald Harjumaa, 59.4935, 25.3372
205, Kiiuma vald Vorumaa, 57.7983, 27.1007
206, Kilingi vald Parnumaa, 58.1577, 24.9679
207, Kilingi-Nõmme Pärnumaa, 58.15234, 24.963
208, Kirbla, 58.960, 23.891
209, Kirepi vald Tartumaa, 58.0869, 26.1504
210, Kloostri vald Harjumaa, 59.3546, 25.0101
211, Kloostri vald Läänemaa, 58.944, 23.607
212, Kodasoo vald Harjumaa, 59.4425, 24.87948
213, Kogula vald Saaremaa, 58.1763, 22.2782
214, Kohila vald Harjumaa, 59.0122, 24.7592
215, Kohtla vald Virumaa, 59.3807, 27.2991
216, Kohtla Virumaa, 59.3377, 27.2747
217, Kohtla-Järve vald, 59.377, 27.266
218, Koigi vald Järvamaa, 58.93649, 25.62204
219, Koiguste vald Saaremaa, 58.3854864, 22.9027966
220, Koikkula vald Valgamaa, 57.8167, 26.0888
221, Koiola Vorumaa, 57.8042, 27.2843
222, Koiola vald Võrumaa, 57.725, 27.098
223, Kokora vald Tartumaa, 58.3245, 27.0032
224, Kolga Harjumaa, 59.4125, 25.5206
225, Kolga Jaani Viljandimaa, 58.5396, 25.5165
226, Kolga vald Harjumaa, 59.4877, 25.7937
227, Kolleste vald Vorumaa, 57.8753, 27.1722
228, Kolleste Võrumaa, 57.775, 27.036
229, Koluvere vald Laanemaa, 58.8929, 23.6765
230, Koluvere, 58.547, 24.679
231, Konguta vald Tartumaa, 58.3293, 26.4874
232, Konnu vald Harjumaa, 59.0506, 25.4924
233, Konnu Harjumaa, 59.248, 24.695
234, Konstantiinovi vald Oudova maakond, 59.3581, 27.3195
235, Koo vald Viljandimaa, 58.3803, 25.7293
236, Koo, 58.244, 26.529
237, Koonga vald Pärnumaa, 58.51122, 23.82823
238, Koonga Pärnumaa, 58.476, 23.829
239, Kooraste Vorumaa, 57.8541, 27.1443
240, Kooraste vald Võrumaa, 57.8990, 26.9477
241, Koorküla vald Valgamaa, 57.7766, 26.0197
242, Koorküla vald Viljandimaa, 58.512, 25.415
243, Kose Harjumaa, 59.123, 24.870
244, Krabi vald Võrumaa, 57.8626, 26.6629
245, Kreenholm Narva, 59.3756, 28.2056
246, Krementšugis Venemaa, 53.9982, 37.7475
247, Krimm, 45.013, 34.963
248, Krivjakino Moskva kubermang, 56.5139, 36.8319
249, Kruudneri vald Tartumaa, 58.1947, 26.2641
250, Kubala vald Viljandimaa, 58.2885, 25.6258
251, Kudina vald Tartumaa, 58.5229, 27.1884
252, Kuigatsi vald Valgamaa, 58.0624, 26.0903
253, Kuigatsi vald Tartumaa, 58.361, 26.561
254, Kuigatsi Valgamaa, 57.7252, 26.1508
255, Kuivajõe vald Harjumaa, 59.22511, 24.63029
256, Kuivajõe Harjumaa, 59.173, 24.844
257, Kuivastu Muhumaa, 58.6136, 23.0988
258, Kuksemaa vald Järvamaa, 58.8236, 25.9121
259, Kukulinna mõis Tartumaa, 58.49056, 26.46395
260, Kulgu Narva, 59.3916, 28.1486
261, Kunda Virumaa, 59.4858, 26.5579
262, Kuremaa Tartumaa, 58.7797, 26.0472
263, Kuremaa vald Tartumaa, 58.7129, 26.1437
264, Kuressaare, 58.2484, 22.5039
265, Kurista vald Tartumaa, 58.2486, 26.2194
266, Kurista vald Viljandimaa, 58.6045, 25.7785
267, Kurista vald, 58.717, 24.829
268, Kuristja vald Viljandimaa, 58.6287, 25.6883
269, Kurna vald Harjumaa, 59.3047, 25.1103
270, Kurtna Harjumaa, 59.184, 25.943
271, Kuti mõis Virumaa, 59.0563, 26.3437
272, Kuti vald Virumaa, 59.1008, 26.3574
273, Kuuda mõis Läänemaa, 58.829, 23.928
274, Kuusalu kihelkond, 59.4471, 25.5833
275, Kärdla, 58.9972, 22.74922
276, Käsmu Virumaa, 59.593, 26.038
277, Kävilda vald Tartumaa, 58.516, 26.722
278, Kõnnu vald Harjumaa, 59.312, 24.536
279, Kõo Viljandimaa, 58.4052, 25.7918
280, Kõrgepalu Võrumaa, 57.7929, 27.0142
281, Kõrkküla Valgamaa, 57.8626, 26.1862
282, Kõrveküla Tartumaa, 58.05883, 26.42834
283, Laanemaa, 58.9626, 23.5633
284, Laanemetsa vald Valgamaa, 57.6844, 26.3637
285, Laanemetsa Võrumaa, 57.6769, 26.5798
286, Laatre vald Valgamaa, 57.8964, 25.7732
287, Laatre vald Pärnumaa, 58.0575, 24.8316
288, Laatre, 57.940, 26.217
289, Laatre Valgamaa, 57.967, 26.170
290, Laeva vald Tartumaa, 58.5131, 26.6502
291, Lahtru Laanemaa, 58.8572, 24.0522
292, Laiksaare vald Parnumaa, 58.025, 24.3931
293, Laiksaare vald Pärnumaa, 58.284, 24.409
294, Laimjala vald Saaremaa, 58.228, 22.788
295, Laius-Tahkvere vald Tartumaa, 58.7082, 26.4212
296, Laiuse vald Tartumaa, 58.9203, 26.2601
297, Laiuse Tartumaa, 58.721, 25.598
298, Lapua Pohja-Soome, 62.9689, 23.0097
299, Lasinurme Virumaa, 59.0145, 26.4506
300, Lasva vald Võrumaa, 57.657, 27.202
301, Laupa vald Järvamaa, 58.891, 25.454
302, Leebiku vald Valgamaa, 57.8233, 26.1199
303, Lehtse Jarvamaa, 59.1555, 25.9102
304, Lehtse vald Järvamaa, 59.3389, 26.0377
305, Leisi vald Saaremaa, 58.5269, 22.6826
306, Levala küla Saaremaa, 58.3129, 22.7041
307, Lihula Laanemaa, 58.6797, 23.8464
308, Lihula vald Läänemaa, 58.6848, 23.8263
309, Liibav, 56.48062, 21.01125
310, Liiva kortsis Luganuse klk., 59.39797, 27.57363
311, Lillenbachi mõis Narva, 59.3727, 28.1834
312, Linnamae vald Vorumaa, 57.7257, 27.0719
313, Livoonia eesti asunduses Põhja-Kaukaasia, 43.4232, 43.9617
314, Lohusuu vald Tartumaa, 58.6999, 27.0486
315, Lohusuu Tartumaa, 58.780, 27.133
316, Lokuta m. Järvamaa, 58.91248, 25.89646
317, Loo Harjumaa, 59.3958, 24.9184
318, Loodi vald Viljandimaa, 58.5489, 25.4691
319, Loona vald Saaremaa, 58.441, 22.401
320, Loona Saaremaa, 58.49123, 23.19258
321, Loopre mõis Viljandimaa, 58.2404, 25.7649
322, Loosi Vorumaa, 57.7053, 27.1407
323, Loosi vald Võrumaa, 57.6847, 26.9422
324, Love vald Valgamaa, 57.8160, 26.0848
325, Love Valgamaa, 57.6884, 26.1254
326, Luiste Laanemaa, 58.8322, 24.6867
327, Lumanda Saaremaa, 58.5374, 23.4316
328, Lumanda vald Saaremaa, 58.5427, 22.2162
329, Lustivere vald Viljandimaa, 58.740, 25.599
330, Luunja vald Tartumaa, 58.3609, 26.6309
331, Maasi Saaremaa, 58.3705, 22.3683
332, Maasi vald Saaremaa, 58.5566, 22.5527
665, Urvaste, 57.9039, 26.7181
333, Maetaguse vald Virumaa, 59.317, 27.070
334, Maetaguse Ida-Virumaa, 59.113, 27.151
335, Maetaguse Virumaa, 59.271, 27.304
336, Maksa mõis Tartumaa, 58.664, 26.753
337, Maksa vald Tartumaa, 58.0083, 26.3765
338, Manniku Voltveti Parnumaa, 58.315, 25.1242
339, Mao vald Järvamaa, 58.9421, 25.5089
340, Marienburg Latvia, 56.888, 24.356
341, Massu vald Läänemaa, 58.9942, 23.6948
342, Massu, 58.546, 24.849
343, Massu Läänemaa, 58.877, 24.120
344, Meeksi Vorumaa, 57.7044, 27.0377
345, Meeksi mõis Võrumaa, 58.160, 27.158
346, Meeksi vald Tartumaa, 58.584, 27.173
347, Meeri mõis Tartumaa, 58.493, 26.865
348, Meeri vald Tartumaa, 58.415, 26.476
349, Mehikoorma, 58.2657, 27.1452
350, Merimäe vald Petserimaa, 57.7454, 27.2241
351, Minsk Belarus, 53.9045, 27.5615
352, Moisekatsi vald Vorumaa, 57.8564, 27.0527
353, Moniste Võrumaa, 57.8789, 26.6213
354, Mooste vald Vorumaa, 58.1146, 27.0451
355, Mooste vald Võrumaa, 58.20168, 27.03867
356, Mooste, 58.165, 27.086
357, Moskva, 55.7512, 37.6184
358, Muhu Suurvald, 58.5952, 23.251
359, Muhu, 58.5708, 23.1923
360, Muhu-Hellamaa vald Saaremaa, 58.607, 23.324
361, Muhu-Hellamaa, 58.6124, 23.1639
362, Muhu-Suure vald, 58.6177, 23.2506
363, Muhu-Suurevalla vald Saaremaa, 58.622, 23.123
364, Muhumaa, 58.589, 23.0544
365, Mustajõe vald Virumaa, 59.313, 26.630
366, Mustjala vald Saaremaa, 58.3162, 22.6564
367, Mustjala Saaremaa, 58.204, 22.643
368, Mustvee Tartumaa, 58.8515, 26.956
369, Mustvee, 58.8971, 26.93642
370, Mõniste vald Võrumaa, 57.902, 26.894
371, Nabala vald Harjumaa, 59.226, 24.879
372, Naissaar Harjumaa, 59.50119, 24.85574
373, Narva (Kreenholm), 59.37707, 28.19718
374, Narva Joala Virumaa, 59.3481, 28.1722
375, Narva, 59.3772, 28.1901
376, Narva-Jõesuu, 59.4612, 28.0334
377, Noarootsi, 59.0462, 23.4563
378, Nursi vald Võrumaa, 57.7151, 27.0965
379, Nõmme küla Järvamaa, 58.880, 25.540
380, Oisu mõis Järvamaa, 58.917, 25.408
381, Oisu mõis Viljandimaa, 58.352, 25.438
382, Oisu vald Viljandimaa, 58.343, 25.379
383, Ojasoo mõis Harjumaa, 59.2631, 24.7318
384, Olustvere vald Viljandimaa, 58.6566, 25.6871
385, Olustvere, 58.724, 25.896
386, Oomuli vald Valgamaa, 57.704, 26.193
387, Orajõe vald Pärnumaa, 58.4337, 25.3711
388, Oranienbaum Peterburi kubermang, 59.94007, 29.78202
389, Orava mõis Võrumaa, 57.651, 27.428
390, Orava vald Võrumaa, 57.95621, 26.60489
391, Orelli kubermang Venemaa, 58.9749, 28.8689
392, Oru vald Läänemaa, 59.0918, 23.6007
393, Otepaa Tartumaa, 58.0529, 26.4975
394, Otepaa, 58.0567, 26.4975
395, Otepää vald Tartumaa, 58.0615, 26.4904
396, Otsa talu Põltsamaa, 58.633, 26.880
397, Oudova, 59.180, 27.320
398, Paadla vald Saaremaa, 58.5173, 22.1205
399, Paadremaa vald Laanemaa, 58.9387, 23.872
400, Paadremaa vald Läänemaa, 58.87367, 24.21786
401, Paadremaa Läänemaa, 58.9013, 23.8738
402, Paasvere Virumaa, 59.2446, 26.4092
403, Paasvere mõis Virumaa, 59.199, 26.202
404, Paasvere vald Virumaa, 59.2106, 26.3762
405, Paatsalu vald Läänemaa, 58.72721, 23.85658
406, Pada vald Virumaa, 59.0318, 26.7263
407, Paide, 58.8831, 25.5578
408, Paidla vald Tartumaa, 58.3786, 26.6187
409, Paidla-Neeruti vald Tartumaa, 58.610, 26.232
410, Pajusi vald Viljandimaa, 58.4514, 26.419
411, Pala Tartumaa, 58.5219, 27.1376
412, Pala mõis Tartumaa, 58.700, 26.879
413, Pala vald Tartumaa, 58.581, 26.875
414, Palamuse Tartumaa, 58.7718, 26.2399
415, Paldiski, 59.3490, 24.0491
416, Palivere vald Laanemaa, 58.9615, 23.8253
417, Palmse vald Virumaa, 59.54942, 26.24992
418, Palmse, 59.530, 26.310
419, Palmse Virumaa, 59.460, 26.300
420, Palu vald Järvamaa, 58.9858, 25.6699
421, Palupera Tartumaa, 58.0915, 26.2221
422, Palupera vald Tartumaa, 58.0316, 26.0738
423, Pangodi Tartumaa, 58.5319, 26.8827
424, Pangodi vald Tartumaa, 58.5319, 26.8827
425, Pari vald Viljandimaa, 58.3633, 25.4225
426, Parnu, 58.3854, 24.4965
427, Parsamaa vald Saaremaa, 58.303, 22.653
428, Parsamaa Saaremaa, 58.594, 22.011
429, Pati Parnumaa, 58.6226, 24.4041
430, Pati vald Parnumaa, 58.1823, 24.7533
431, Patkula vald Valgamaa, 57.8623, 26.0616
432, Peetri Virumaa, 59.3945, 24.8364
433, Peningi Harjumaa, 59.2621, 25.2462
434, Peningi vald Harjumaa, 59.08185, 24.20258
435, Penuja vald Pärnumaa, 58.09652, 24.6925
436, Peri Vorumaa, 57.6826, 27.2629
437, Peri vald Tartumaa, 58.191, 26.380
438, Peri vald Võrumaa, 57.765, 26.487
439, Perila mõis Harjumaa, 59.4144, 24.5306
440, Peterburg venemaa, 59.9343, 30.3351
441, Peterburg, 59.9343, 30.3351
442, Peterburi kub., 59.93995, 30.31532
443, Peterburi, 59.939, 30.315
444, Peterburi Venemaa, 59.9375, 30.3086
445, Petserimaa Võrumaa, 57.566, 27.264
446, Pihkva kubermang Venemaa, 57.8157, 27.6338
447, Pihtla vald Saaremaa, 58.307, 22.580
448, Piirsalu vald Järvamaa, 58.7980, 24.6530
449, Pilistvere Viljandimaa, 58.46633, 25.74057
450, Pilkuse vald Tartumaa, 58.3497, 26.6467
451, Pindi mõis Võrumaa, 57.842, 27.192
452, Poide kihelkond, 58.4814783, 22.966177
453, Polli Parnumaa, 58.4223, 24.4061
454, Polli mõis Pärnumaa, 58.4869, 24.6614
455, Polli vald Parnumaa, 58.0122, 24.4423
456, Polli vald Pärnumaa, 58.20015, 24.73273
457, Poogle vald Parnumaa, 58.6128, 24.7635
458, Poogle vald Pärnumaa, 58.39632, 24.60668
459, Pootsi vald Pärnumaa, 58.16364, 24.64369
460, Porkuni mõis Virumaa, 59.205, 25.986
461, Porkuni vald Virumaa, 59.107, 26.232
462, Porkuni Viljandimaa, 58.7887, 25.7664
463, Pornuse vald Parnumaa, 58.3839, 24.3639
464, Pornuse Pärnumaa, 58.402, 24.876
465, Port-Kunda Virumaa, 59.459, 26.568
466, Prangli vald Tartumaa, 58.0231016, 26.6632219
467, Preedi mõis Järvamaa, 58.825, 25.307
468, Puhja kihelkond, 58.3385195, 26.2791917
469, Puhja klk., 58.36438, 26.44746
470, Puhja Tartumaa, 58.2762, 26.1975
471, Puiatu vald Viljandimaa, 58.49486, 25.64419
472, Pussi Virumaa, 59.3195, 27.3093
473, Pussi vald Virumaa, 59.3895, 27.0321
474, Puurmani vald Tartumaa, 58.521, 26.347
475, Pärnu Pärnumaa, 58.3850, 24.4976
476, Pärnumaa, 58.49796, 24.96276
477, Päti vald Pärnumaa, 58.347, 24.651
478, Pätküla vald Valgamaa, 57.97908, 26.10994
479, Pätküla Valgamaa, 57.8875, 26.2486
480, Pääsküla Harjumaa, 59.369, 24.664
481, Põltsamaa Viljandimaa, 58.65443, 25.95883
482, Põltsamaa maakond Pärnumaa, 58.5959, 25.9572
483, Põltsamaa vald Viljandimaa, 58.656, 25.971
484, Põltsamaa, 58.6527, 25.9639
485, Põlva Võrumaa, 58.06394, 27.05353
486, Pühajärve küla, 57.9816, 26.5011
487, Püssi vald Virumaa, 59.33036, 27.01854
488, Raadi Tartumaa, 58.3546, 26.7482
489, Raadi vald Tartumaa, 58.392, 26.806
490, Raama vald Pärnumaa, 58.1487, 25.4122
491, Raasiku Harjumaa, 59.3083, 25.2012
492, Rae vald Harjumaa, 59.3806, 24.9513
493, Ragavere vald Virumaa, 58.9534, 25.7035
494, Raiküla vald Harjumaa, 59.125, 24.429
495, Rakke jaamas Järvamaa, 58.9952, 26.2022
496, Rakvere vald Virumaa, 59.3551, 26.459
497, Rakvere, 59.346, 26.3584
498, Ranna vald Tartumaa, 58.1495, 27.1391
499, Rannamõisa Harjumaa, 59.3700, 24.3897
500, Rannu Tartumaa, 58.3561, 26.4156
501, Rannu vald Tartumaa, 58.377, 26.289
502, Rapina vald Vorumaa, 58.1051, 27.462
503, Rapla vald Harjumaa, 58.9999, 24.805
504, Rapla, 59.005, 24.792
505, Rapla Harjumaa, 59.007, 24.792
506, Rasina vald Tartumaa, 58.4573, 26.411
507, Rattama talu Viljandimaa, 58.4722, 25.4064
508, Ravila Harjumaa, 59.2849, 24.8602
509, Rebase Kaagjarve Valgamaa, 57.7766, 26.1865
510, Reigi Hiiumaa, 58.866, 22.618
511, Reiu Parnumaa, 58.3792, 24.4782
512, Reiu vald Pärnumaa, 58.5019, 24.47962
513, Ridala Läänemaa, 58.9293, 23.7779
514, Riia, 56.9496, 24.1052
515, Riidaja Viljandimaa, 58.3639, 25.2604
516, Riidaja vald Viljandimaa, 58.3021, 25.3723
517, Risti Harjumaa, 59.025, 24.176
518, Ristimae kula Undla Virumaa, 59.0032, 27.592
519, Roela Tartumaa, 58.7022, 26.3647
520, Roela Virumaa, 59.3001, 26.635
521, Roela vald Tartumaa, 58.7998, 26.1659e
522, Roela vald Viljandimaa, 59.2837, 26.3536
523, Roela vald Virumaa, 59.3664, 26.4285
524, Rongu kirikum Tartumaa, 58.30962, 26.64904
525, Rongu vald Tartumaa, 58.221, 26.430
526, Rongu, 58.210, 26.455
527, Rongu Tartumaa, 58.207, 26.486
528, Ropka vald Tartumaa, 58.411, 26.716
529, Ruhja alev Latvia, 57.2902, 25.9362
530, Räpina vald Tartumaa, 58.096, 27.467
531, Räpina vald Võrumaa, 58.0956, 27.4701
532, Rõngu vald Tartumaa, 58.2459, 26.2617
533, Rõuge vald Võrumaa, 57.7332, 26.9951
534, Rõuge Võrumaa, 57.7324, 26.9955
535, Saadjarve vald Tartumaa, 58.3290, 26.3720
536, Saadjärve vald Tartumaa, 58.12156, 26.4229
537, Saadjärve Tartumaa, 58.4308, 26.7591
538, Saaremaa, 58.4908, 22.7678
539, Saksi vald Virumaa, 59.222, 26.840
540, Saku Harjumaa, 59.3136, 24.6524
541, Saku vald Harjumaa, 59.29327, 24.6515
542, Salla vald Virumaa, 59.373, 26.597
543, Salla Virumaa, 59.0008, 27.0652
544, Sammuli Viljandi, 58.2404, 25.6037
545, Sammulil Viljandi, 58.2404, 25.6037
546, San Francisco, 37.7749, -122.4194
547, Sangaste Korval Valgamaa, 57.81743, 26.09809
548, Sangaste vald Valgamaa, 57.8765, 26.0766
549, Sangaste, 57.992, 26.098
550, Sangaste Valgamaa, 57.9333, 26.0677
551, Sarevere vald Jarvamaa, 58.9464, 25.5952
552, Saru vald Võrumaa, 57.745, 26.668
553, Saue vald Harjumaa, 59.312, 24.553
554, Sauga vald Pärnumaa, 58.2694, 24.5543
555, Saulepi vald Laanemaa, 59.0406, 23.6148
556, Seidla Jarvamaa, 59.2275, 25.8408
557, Seli vald Pärnumaa, 58.2196, 24.5782
558, Simuna Virumaa, 59.2559, 26.3449
559, Simuna küla Virumaa, 59.301, 26.473
560, Sinalepa vald Läänemaa, 58.88269, 23.64317
561, Sindi Parnumaa, 58.4068, 24.6611
562, Sindi Pärnumaa, 58.39467, 24.66061
563, Sindi, 58.4071, 24.6655
564, Sindis Parnumaa, 58.1349, 24.7559
565, Sippa vald Laanemaa, 58.8366, 23.5713
566, Sooniste vald Läänemaa, 58.94294, 24.13241
567, Sooniste Läänemaa, 58.8781, 24.0247
568, Sooru vald Valgamaa, 57.870, 26.397
569, Soosaare Viljandimaa, 58.66306, 25.94716
570, Soosaare mõis Viljandimaa, 58.383, 25.913
571, Soosaare vald Viljandimaa, 58.5454, 25.6909
572, Sootaga Tartumaa, 58.3554, 26.8837
573, Sootaga vald Tartumaa, 58.429, 26.330
574, Sosnitsa vald Peterburg, 59.9005, 30.5761
575, Suigu vald Pärnumaa, 58.6787, 24.4896
576, Surgavere vald Viljandimaa, 58.3726, 25.7989
577, Sutlepa vald Laanemaa, 59.025, 23.5299
578, Suur-Irbeni kula Kuramaa, 57.7694, 22.0434
579, Suur-Konguta vald Tartumaa, 58.343, 26.584
580, Suure-Jaani Viljandimaa, 58.5364, 25.4276
581, Suure-Kambja vald Tartumaa, 58.3177, 26.1358
582, Suure-Kopu vald Viljandimaa, 58.4587, 25.6197
583, Suure-Kõpu vald Viljandimaa, 58.06517, 25.87318
584, Suuremoisa Hiiumaa, 58.8404, 22.9987
585, Suurevald Hiiumaa, 58.9027, 22.7124
586, Szolnok Ungari, 47.1867, 20.1814
587, Sänna mõis Võrumaa, 57.8806, 26.6705
588, Särevere Järvamaa, 58.7943, 25.6057
589, Sõmerpalu Võrumaa, 57.9243, 26.9425
590, Sõmerpalu vald Võrumaa, 57.848, 27.209
591, Taagepera Viljandimaa, 57.8807, 25.6535
592, Taagepera vald Valgamaa, 57.9345, 26.2235
593, Taagepera vald Viljandimaa, 58.0656, 25.5452
594, Taagepera Valgamaa, 58.118, 25.608
595, Taali Parnumaa, 58.3305, 24.6969
596, Taali vald Parnumaa, 58.3711, 24.7846
597, Taali vald Pärnumaa, 58.2304, 24.4238
598, Taebla vald Läänemaa, 58.997, 23.679
599, Taevere vald Viljandimaa, 58.3723, 25.3827
600, Taevere Viljandimaa, 58.5225, 25.4117
601, Taheva vald Valgamaa, 57.8196, 26.1205
602, Tahkuranna vald Parnumaa, 58.3122, 24.3473
603, Tahkuranna vald Pärnumaa, 58.2795, 24.5423
604, Tahkvere vald Tartumaa, 58.31483, 26.87521
605, Tahtvere Tartumaa, 58.3322, 26.6885
606, Tahtvere vald Tartumaa, 58.413, 26.640
607, Talli vald Pärnumaa, 58.37288, 24.28622
608, Tallinn Harjumaa, 59.4370, 24.7536
609, Tallinn, 59.437, 24.7536
610, Tamme vald Tartumaa, 58.2465, 26.3312
611, Tammiste mois Parnumaa, 58.1574, 24.7512
612, Tammiste vald Pärnumaa, 58.3302, 24.8302
613, Tammiste, 58.269, 26.759
614, Tamse mõis Muhu, 58.605, 23.318
615, Tapa Virumaa, 59.2596, 25.9601
616, Tartu vald Tartumaa, 58.343, 26.556
617, Tartu Tartumaa, 58.3776, 26.7290
618, Tartu, 58.3776, 26.7291
619, Tartumaa, 58.4634, 26.7295
620, Tartvastu Viljandimaa, 58.4696, 25.8119
621, Tarvastu Viljandimaa, 58.2876, 25.8309
622, Tarvastu vald Viljandimaa, 58.1287, 25.6122
623, Tbilisi, 41.7151, 44.8271
624, Timo vald Vorumaa, 57.8018, 27.3174
625, Tohkri Vorumaa, 57.8423, 26.9992
626, Toila Ida-Virumaa, 59.4023, 27.5022
627, Tolliste vald Valgamaa, 57.9035, 25.7031
628, Toolamaa vald Võrumaa, 57.871, 27.030
629, Torgu Saaremaa, 58.2779, 22.183
630, Torgu vald Saaremaa, 58.219, 22.213
631, Tori Parnumaa, 58.3913, 24.4778
632, Tori Seljal Parnumaa, 58.6034, 24.3993
633, Tori kirikuvald Pärnumaa, 58.654, 24.395
634, Tori vald Parnumaa, 58.4841, 23.9384
635, Tori vald Pärnumaa, 58.39085, 24.57823
636, Torma vald Tartumaa, 58.764, 26.118
637, Torma Tartumaa, 58.689, 26.996
638, Torva, 58.0031, 25.9306
639, Triigi vald Harjumaa, 58.9541, 23.2325
640, Triigi, 58.797, 23.091
641, Triigi-Avispea koolimaja, 59.1861, 23.2604
642, Tsooru, 58.013, 27.576
643, Tsooru Võrumaa, 58.013, 27.576
644, Tudulinna vald Virumaa, 59.0324, 27.3144
645, Tuhalaane vald Viljandimaa, 58.237, 25.767
646, Tuhalaane Viljandimaa, 58.5401, 26.5727
647, Tuhalaanes Viljandimaa, 57.9395, 25.4666
648, Tuhulaane vald Viljandimaa, 58.36651, 25.97324
649, Tuki mõis Tartumaa, 58.501, 26.712
650, Tuula kubermang Venemaa, 55.96291, 37.85572
651, Tuusula Soome, 60.4057, 25.0244
652, Tõdva-Kõnnu Virumaa, 59.4808983, 25.7282547
653, Tõdva-Kõnnu Võrumaa, 57.7541, 26.9017
654, Tõlliste vald Valgamaa, 57.725, 26.132
655, Tõstamaa vald Pärnumaa, 58.553, 24.285
656, Tõstamaa, 58.310, 23.696
657, Uderna Tartumaa, 58.4135, 26.3903
658, Uderna, 58.266, 26.727
659, Uduvere Saaremaa, 58.3131, 22.0876
660, Ulila vald Tartumaa, 58.4019, 26.3543
661, Undla vald Virumaa, 59.1596, 26.7099
662, Undla Virumaa, 59.426, 26.344
663, Urvaste Võrumaa, 57.82471, 26.93148
664, Urvaste vald Võrumaa, 57.7316, 26.9424
666, Uue Kariste Parnumaa, 58.2874, 24.9982
667, Uue Vandra Parnumaa, 58.3345, 24.8619
668, Uue-Antsla mõis Võrumaa, 57.7285, 27.0715
669, Uue-Antsla Võrumaa, 57.7643, 26.3802
670, Uue-Kariste vald Pärnumaa, 58.4167, 25.1667
671, Uue-Mõisa vald Saaremaa, 58.46153, 22.10428
672, Uue-Poltsamaa Viljandimaa, 58.4804, 25.7917
673, Uue-Suislepa vald Viljandimaa, 58.391, 25.384
674, Uue-Vändra vald Pärnumaa, 58.6047, 25.1687
675, Uue-Võidu vald Viljandimaa, 58.1922, 25.6935
676, Uuemoisa Saaremaa, 58.4389, 21.9085
677, Uulu vald Parnumaa, 58.4313, 24.3175
678, Uulu vald Pärnumaa, 58.11399, 24.44968
679, Uusna Viljandimaa, 58.3014, 25.598
680, Uusna vald Viljandimaa, 58.3988, 25.3388
681, Vaabina Vorumaa, 57.7578, 26.8893
682, Vaatsa Jarvamaa, 58.8692, 26.7917
683, Vahastu vald Järvamaa, 58.7915, 25.7192
684, Vahi mõis Tartumaa, 58.4933, 27.0601
685, Vaigala Läänemaa, 58.884, 24.354
686, Vaikna vald Läänemaa, 58.998, 23.766
687, Vaikna Läänemaa, 58.998, 23.766
688, Vaimastvere vald Tartumaa, 58.5734, 26.4187
689, Vaimela vald Võrumaa, 57.7921, 27.0569
690, Vainjärve vald Järvamaa, 58.93062, 25.77776
691, Vaiste mõis Läänemaa, 58.7857, 24.2754
692, Vaivara Virumaa, 59.3305, 27.7637
693, Vaivara vald Virumaa, 59.39929, 27.75369
694, Valaste kula Jarvamaa, 59.2087, 26.2612
695, Valga, 57.7744, 26.0455
696, Valgamaa, 57.7638, 26.053
697, Valgejarva vald Vorumaa, 57.8303, 26.8512
698, Valgjarve vald Tartumaa, 57.9133, 26.6602
699, Valgjärve vald Võrumaa, 57.834, 26.804
700, Valguta vald Tartumaa, 58.2115, 27.0012
701, Valjala Saaremaa, 58.3853, 22.4701
702, Vana Laitsna Vorumaa, 57.9853, 27.0191
703, Vana Poltsamaa Viljandimaa, 58.4978, 25.4594
704, Vana Suislepa Viljandimaa, 58.479, 25.5077
705, Vana Vandra Parnumaa, 58.2823, 24.9573
706, Vana-Antsla Vorumaa, 57.7844, 26.5217
707, Vana-Antsla vald Võrumaa, 57.78926, 27.21177
708, Vana-Antsla, 57.759, 27.017
709, Vana-Kariste vald Pärnumaa, 58.3005, 24.9163
710, Vana-Koiola vald Vorumaa, 57.6948, 26.9457
711, Vana-Kuuste vald Tartumaa, 58.1509, 26.1849
712, Vana-Kuustevald Tartumaa, 58.4591, 26.703
713, Vana-Otepää vald Tartumaa, 58.012, 26.459
714, Vana-Piigaste Võrumaa, 57.785, 26.902
715, Vana-Põltsamaa vald Viljandimaa, 58.5646, 25.9127
716, Vana-Põltsamaa, 58.662, 26.060
717, Vana-Roosa vald Võrumaa, 57.8592, 26.6606
718, Vana-Suislepa vald Viljandimaa, 58.479, 25.5077
719, Vana-Tänassilma Viljandimaa, 58.289, 25.475
720, Vana-Vända vald Pärnumaa, 58.6186, 24.4498
721, Vana-Vändra Pärnumaa, 58.572, 24.832
722, Vanda vald Pärnumaa, 58.6085, 24.4835
723, Vandra Parnumaa, 58.5368, 24.9487
724, Vandra vald Parnumaa, 58.3908, 25.4894
725, Vandra-Viluvere Pärnumaa, 58.4840, 24.8997
726, Vao vald Virumaa, 59.2875, 25.6948
727, Vao Virumaa, 59.2139, 26.3408
728, Vara vald Tartumaa, 58.3047, 26.4025
729, Varangu vald Virumaa, 59.26343, 26.58866
730, Varbla kihelkond Läänemaa, 58.7346, 23.9048
731, Varbla vald Läänemaa, 58.482, 23.528
732, Varbola vald Harjumaa, 59.090, 24.334
733, Vasknarva vald Virumaa, 59.326, 27.876
734, Vastemoisa Viljandimaa, 58.0623, 25.5286
735, Vastemõisa vald Viljandimaa, 58.727, 25.437
736, Vastse Noo Tartumaa, 58.2465, 26.9011
737, Vastse-Kuuste vald Tartumaa, 58.1481, 26.9577
738, Vastse-Moisa vald Viljandimaa, 58.3937, 25.4464
739, Vastse-Nõo vald Tartumaa, 58.1379, 26.4166
740, Vastse-Otepää vald Tartumaa, 58.052, 26.476
741, Vastseliina Vorumaa, 57.8301, 27.1973
742, Vastseliina vald Vorumaa, 57.8185, 27.1756
743, Vastseliina vald Võrumaa, 57.788, 27.040
744, Vasula vald Tartumaa, 58.2831, 26.8616
745, Vee vald Parnumaa, 58.3857, 25.6746
746, Velise vald Läänemaa, 59.101, 24.138
747, Veltsa vald Läänemaa, 58.89183, 24.17219
748, Venemaa (Tartu), 58.3727, 26.7249
749, Venevere vald Virumaa, 59.019, 26.554
750, Veriora Võrumaa, 57.9988, 27.0577
751, Veriora vald Võrumaa, 57.9477, 27.0683
752, Veriora, 57.976, 27.180
753, Vesneri Tartumaa, 58.2174, 27.0516
754, Vigala vald Läänemaa, 58.8792, 24.3714
755, Vigala Läänemaa, 58.903, 23.903
756, Vihterpalu vald Harjumaa, 59.27603, 25.60337
757, Vihula vald Virumaa, 59.5739, 26.198
758, Viiburi, 60.71278, 28.75722
759, Viimsi mõis Harjumaa, 59.509, 24.847
760, Viiratsi vald Viljandimaa, 58.365, 25.579
761, Viljandi Viljandimaa, 58.36389, 25.59083
762, Viljandi vald Viljandimaa, 58.3259, 25.6164
763, Viljandi vald, 58.35067, 25.67802
764, Viljandi, 58.3639, 25.5906
765, Viru-Jaagupi Virumaa, 59.092, 26.313
766, Viru-Nigula Ida-Virumaa, 59.400, 26.692
767, Virumaa, 59.30118, 26.36694
768, Vohmuta Jarvamaa, 58.8992, 25.8044
769, Voisiku vald Viljandimaa, 58.0925, 25.8751
770, Voisiku Viljandimaa, 58.2852, 25.4301
771, Voka vald Virumaa, 59.392, 27.573
772, Voltveti vald Pärnumaa, 58.615, 24.516
773, Voltveti Pärnumaa, 58.170, 24.072
774, Vonnu maakond Lääne maakond, 58.88167, 23.85667
775, Voopsu alev Vorumaa, 57.863, 27.1375
776, Voopsu, 58.5454, 26.1689
777, Voru, 57.8363, 27.0196
778, Vorumaa, 57.8302, 26.9778
779, Vosu Virumaa, 59.5451, 25.8754
780, Votikvere vald Tartumaa, 58.343, 26.663
781, Väike-Antsla vald Võrumaa, 57.708, 26.563
782, Väike-Lähtru vald Läänemaa, 58.913333, 23.890556
783, Väike-Maarja kihelkond Virumaa, 59.1686, 26.1349
784, Vändra vald Pärnumaa, 58.6296, 24.8137
785, Värmland Sweden, 59.5263, 13.2495
786, Vääbina vald Võrumaa, 57.706, 26.665
787, Võhmuta vald Järvamaa, 58.98702, 25.72966
788, Võnnu vald Virumaa, 58.8766, 27.2192
789, Võnnu Läänemaa, 58.9696, 23.9478
790, Võnnu Virumaa, 58.9580, 26.5862
791, Võru vald Võrumaa, 57.903, 26.985
792, Änge vald Pärnumaa, 58.4756, 24.6829
793, Õisu vald Viljandimaa, 58.0991, 25.5009
794, Ülila Tartumaa, 58.4037, 26.7287
